UID001,Romil,romil@gmail.com,12/1/22,Kidney
UID002,Shruti,shruti@gmail.com,12/2/22,Heart
UID003,Farida,farida@gmail.com,12/3/22,Lungs
UID004,Bhargava,bhargava@gmail.com,12/4/22,Kidney
UID005,Vanshika,vanshika@gmail.com,12/5/22,Tissue
UID006,Shreya,shreya@gmail.com,12/6/22,Heart
UID007,Yogesh,yogesh@gmail.com,12/7/22,Kidney